Degree Name,Guaranteed ATAR score,Prerequisite,Assumed knowledge,Mode,Campus,Study as,Duration,Start date,Degree URL
Bachelor of Accounting,,,,100% Online,,Full time or part time,3 year(s) full-time,"January, April, June, September",https://adelaideuni.edu.au/study/degrees/online/bachelor-of-accounting/dom/
Bachelor of Agricultural Sciences,70.0,,SACE Stage 2 Chemistry and Mathematical Methods (or equivalent),On Campus,"Waite, Adelaide City, Roseworthy",Full time or part time,3 year(s) full-time,"February, July",https://adelaideuni.edu.au/study/degrees/bachelor-of-agricultural-sciences/dom/
Bachelor of Architectural Design,70.0,,,On Campus,Adelaide City,Full time or part time,3 year(s) full-time,"February, July",https://adelaideuni.edu.au/study/degrees/bachelor-of-architectural-design/dom/
Bachelor of Architectural Design majoring in Urban Planning,70.0,,,On Campus,Adelaide City,Full time or part time,3 year(s) full-time,"February, July",https://adelaideuni.edu.au/study/degrees/bachelor-of-architectural-design-urban-planning/dom/
Bachelor of Arts,70.0,,,On Campus,"Adelaide City, Magill",Full time or part time,3 year(s) full-time,"February, July",https://adelaideuni.edu.au/study/degrees/bachelor-of-arts/dom/
Bachelor of Arts majoring in Aboriginal Studies,70.0,,,On Campus,"Adelaide City, Magill",Full time or part time,3 year(s) full-time,"February, July",https://adelaideuni.edu.au/study/degrees/bachelor-of-arts-aboriginal-studies/dom/
Bachelor of Arts majoring in Anthropology,70.0,,,On Campus,"Adelaide City, Magill",Full time or part time,3 year(s) full-time,"February, July",https://adelaideuni.edu.au/study/degrees/bachelor-of-arts-anthropology/dom/
Bachelor of Arts majoring in Archaeology and Classical Studies,70.0,,,On Campus,"Adelaide City, Magill",Full time or part time,3 year(s) full-time,"February, July",https://adelaideuni.edu.au/study/degrees/bachelor-of-arts-archaeology-and-classical-studies/dom/
Bachelor of Arts majoring in Art History and Visual Culture,70.0,,,On Campus,"Adelaide City, Magill",Full time or part time,3 year(s) full-time,"February, July",https://adelaideuni.edu.au/study/degrees/bachelor-of-arts-art-history-and-visual-culture/dom/
Bachelor of Arts majoring in Chinese Studies,70.0,,,On Campus,"Adelaide City, Magill",Full time or part time,3 year(s) full-time,February,https://adelaideuni.edu.au/study/degrees/bachelor-of-arts-chinese-studies/dom/
Bachelor of Arts majoring in Creative Writing,70.0,,,On Campus,"Adelaide City, Magill",Full time or part time,3 year(s) full-time,"February, July",https://adelaideuni.edu.au/study/degrees/bachelor-of-arts-creative-writing/dom/
Bachelor of Arts majoring in Cultural Studies,70.0,,,On Campus,"Adelaide City, Magill",Full time or part time,3 year(s) full-time,"February, July",https://adelaideuni.edu.au/study/degrees/bachelor-of-arts-cultural-studies/dom/
Bachelor of Arts majoring in English Literature,70.0,,,On Campus,"Adelaide City, Magill",Full time or part time,3 year(s) full-time,"February, July",https://adelaideuni.edu.au/study/degrees/bachelor-of-arts-english-literature/dom/
Bachelor of Arts majoring in Environmental Management,70.0,,,On Campus,"Adelaide City, Magill",Full time or part time,3 year(s) full-time,"February, July",https://adelaideuni.edu.au/study/degrees/bachelor-of-arts-environmental-management/dom/
Bachelor of Arts majoring in French Studies,70.0,,,On Campus,"Adelaide City, Magill",Full time or part time,3 year(s) full-time,February,https://adelaideuni.edu.au/study/degrees/bachelor-of-arts-french-studies/dom/
Bachelor of Arts majoring in Gender and Sexuality Studies,70.0,,,On Campus,"Adelaide City, Magill",Full time or part time,3 year(s) full-time,"February, July",https://adelaideuni.edu.au/study/degrees/bachelor-of-arts-gender-and-sexuality-studies/dom/
Bachelor of Arts majoring in Geography,70.0,,,On Campus,"Adelaide City, Magill",Full time or part time,3 year(s) full-time,"February, July",https://adelaideuni.edu.au/study/degrees/bachelor-of-arts-geography/dom/
Bachelor of Arts majoring in German Studies,70.0,,,On Campus,"Adelaide City, Magill",Full time or part time,3 year(s) full-time,February,https://adelaideuni.edu.au/study/degrees/bachelor-of-arts-german-studies/dom/
Bachelor of Arts majoring in History,70.0,,,On Campus,"Adelaide City, Magill",Full time or part time,3 year(s) full-time,"February, July",https://adelaideuni.edu.au/study/degrees/bachelor-of-arts-history/dom/
Bachelor of Arts majoring in International Development,70.0,,,On Campus,"Adelaide City, Magill",Full time or part time,3 year(s) full-time,"February, July",https://adelaideuni.edu.au/study/degrees/bachelor-of-arts-international-development/dom/
Bachelor of Arts majoring in International Security,70.0,,,On Campus,"Adelaide City, Magill",Full time or part time,3 year(s) full-time,"February, July",https://adelaideuni.edu.au/study/degrees/bachelor-of-arts-international-security/dom/
Bachelor of Arts majoring in Italian Studies,70.0,,,On Campus,"Adelaide City, Magill",Full time or part time,3 year(s) full-time,February,https://adelaideuni.edu.au/study/degrees/bachelor-of-arts-italian-studies/dom/
Bachelor of Arts majoring in Japanese Studies,70.0,,,On Campus,"Adelaide City, Magill",Full time or part time,3 year(s) full-time,February,https://adelaideuni.edu.au/study/degrees/bachelor-of-arts-japanese-studies/dom/
Bachelor of Arts majoring in Linguistics and Applied Linguistics,70.0,,,On Campus,"Adelaide City, Magill",Full time or part time,3 year(s) full-time,"February, July",https://adelaideuni.edu.au/study/degrees/bachelor-of-arts-linguistics-and-applied-linguistics/dom/
Bachelor of Arts majoring in Philosophy,70.0,,,On Campus,"Adelaide City, Magill",Full time or part time,3 year(s) full-time,"February, July",https://adelaideuni.edu.au/study/degrees/bachelor-of-arts-philosophy/dom/
Bachelor of Arts majoring in Politics,70.0,,,On Campus,"Adelaide City, Magill",Full time or part time,3 year(s) full-time,"February, July",https://adelaideuni.edu.au/study/degrees/bachelor-of-arts-politics/dom/
Bachelor of Arts majoring in Population and Migration Studies,70.0,,,On Campus,"Adelaide City, Magill",Full time or part time,3 year(s) full-time,"February, July",https://adelaideuni.edu.au/study/degrees/bachelor-of-arts-population-and-migration-studies/dom/
Bachelor of Arts majoring in Screen Studies,70.0,,,On Campus,"Adelaide City, Magill",Full time or part time,3 year(s) full-time,"February, July",https://adelaideuni.edu.au/study/degrees/bachelor-of-arts-screen-studies/dom/
Bachelor of Arts majoring in Social Research and Policy Analysis,70.0,,,On Campus,"Adelaide City, Magill",Full time or part time,3 year(s) full-time,"February, July",https://adelaideuni.edu.au/study/degrees/bachelor-of-arts-social-research-and-policy-analysis/dom/
Bachelor of Arts majoring in Sociology,70.0,,,On Campus,"Adelaide City, Magill",Full time or part time,3 year(s) full-time,"February, July",https://adelaideuni.edu.au/study/degrees/bachelor-of-arts-sociology/dom/
Bachelor of Arts majoring in Spanish Studies,70.0,,,On Campus,"Adelaide City, Magill",Full time or part time,3 year(s) full-time,February,https://adelaideuni.edu.au/study/degrees/bachelor-of-arts-spanish-studies/dom/
Bachelor of Aviation majoring in Management,70.0,,,On Campus,Mawson Lakes,Full time or part time,3 year(s) full-time,"February, July",https://adelaideuni.edu.au/study/degrees/bachelor-of-aviation-management/dom/
Bachelor of Aviation majoring in Pilot,70.0,,,On Campus,Mawson Lakes,Full time or part time,3 year(s) full-time,"February, July",https://adelaideuni.edu.au/study/degrees/bachelor-of-aviation-pilot/dom/
Bachelor of Biomedical and Health Sciences,80.0,,,On Campus,Adelaide City,Full time or part time,3 year(s) full-time,"February, July",https://adelaideuni.edu.au/study/degrees/bachelor-of-biomedical-and-health-sciences/dom/
Bachelor of Biomedical and Health Sciences majoring in Biochemistry,80.0,,,On Campus,Adelaide City,Full time or part time,3 year(s) full-time,"February, July",https://adelaideuni.edu.au/study/degrees/bachelor-of-biomedical-and-health-sciences-biochemistry/dom/
Bachelor of Biomedical and Health Sciences majoring in Clinical Trials,80.0,,,On Campus,Adelaide City,Full time or part time,3 year(s) full-time,"February, July",https://adelaideuni.edu.au/study/degrees/bachelor-of-biomedical-and-health-sciences-clinical-trials/dom/
Bachelor of Biomedical and Health Sciences majoring in Genetics,80.0,,,On Campus,Adelaide City,Full time or part time,3 year(s) full-time,"February, July",https://adelaideuni.edu.au/study/degrees/bachelor-of-biomedical-and-health-sciences-genetics/dom/
Bachelor of Biomedical and Health Sciences majoring in Medical Science,80.0,,,On Campus,Adelaide City,Full time or part time,3 year(s) full-time,"February, July",https://adelaideuni.edu.au/study/degrees/bachelor-of-biomedical-and-health-sciences-medical-science/dom/
Bachelor of Biomedical and Health Sciences majoring in Microbiology and Immunology,80.0,,,On Campus,Adelaide City,Full time or part time,3 year(s) full-time,"February, July",https://adelaideuni.edu.au/study/degrees/bachelor-of-biomedical-and-health-sciences-microbiology-and-immunology/dom/
Bachelor of Biomedical and Health Sciences majoring in Neuroscience,80.0,,,On Campus,Adelaide City,Full time or part time,3 year(s) full-time,"February, July",https://adelaideuni.edu.au/study/degrees/bachelor-of-biomedical-and-health-sciences-neuroscience/dom/
Bachelor of Biomedical and Health Sciences majoring in Public Health,80.0,,,On Campus,Adelaide City,Full time or part time,3 year(s) full-time,"February, July",https://adelaideuni.edu.au/study/degrees/bachelor-of-biomedical-and-health-sciences-public-health/dom/
Bachelor of Biomedical and Health Sciences majoring in Reproductive and Childhood Health,80.0,,,On Campus,Adelaide City,Full time or part time,3 year(s) full-time,"February, July",https://adelaideuni.edu.au/study/degrees/bachelor-of-biomedical-and-health-sciences-reproductive-and-childhood-health/dom/
Bachelor of Business,70.0,,,On Campus,Adelaide City,Full time or part time,3 year(s) full-time,"February, July",https://adelaideuni.edu.au/study/degrees/bachelor-of-business/dom/
"Bachelor of Business (Economics, Finance and Trade)",,,,100% Online,,Full time or part time,3 year(s) full-time,"January, April, June, September",https://adelaideuni.edu.au/study/degrees/online/bachelor-of-business-economics-finance-and-trade/dom/
Bachelor of Business (Financial Planning),,,,100% Online,,Full time or part time,3 year(s) full-time,"January, April, June, September",https://adelaideuni.edu.au/study/degrees/online/bachelor-of-business-financial-planning/dom/
Bachelor of Business (Human Resource Management),,,,100% Online,,Full time or part time,3 year(s) full-time,"January, April, June, September",https://adelaideuni.edu.au/study/degrees/online/bachelor-of-business-human-resource-management/dom/
Bachelor of Business (Management),,,,100% Online,,Full time or part time,3 year(s) full-time,"January, April, June, September",https://adelaideuni.edu.au/study/degrees/online/bachelor-of-business-management/dom/
Bachelor of Business (Marketing),,,,100% Online,,Full time or part time,3 year(s) full-time,"January, April, June, September",https://adelaideuni.edu.au/study/degrees/online/bachelor-of-business-marketing/dom/
"Bachelor of Business (Tourism, Events and Hospitality Management)",,,,100% Online,,Full time or part time,3 year(s) full-time,"January, April, June, September",https://adelaideuni.edu.au/study/degrees/online/bachelor-of-business-tourism-events-and-hospitality-management/dom/
Bachelor of Business majoring in Digital Business,70.0,,,On Campus,Adelaide City,Full time or part time,3 year(s) full-time,"February, July",https://adelaideuni.edu.au/study/degrees/bachelor-of-business-digital-business/dom/
Bachelor of Business majoring in Human Resource Management,,,,On Campus,Adelaide City,Full time or part time,3 year(s) full-time,"February, July",https://adelaideuni.edu.au/study/degrees/bachelor-of-business-human-resource-management/dom/
"Bachelor of Business majoring in Innovation, Entrepreneurship and Strategy",70.0,,,On Campus,Adelaide City,Full time or part time,3 year(s) full-time,"February, July",https://adelaideuni.edu.au/study/degrees/bachelor-of-business-innovation-entrepreneurship-and-strategy/dom/
Bachelor of Business majoring in International Business,70.0,,,On Campus,Adelaide City,Full time or part time,3 year(s) full-time,"February, July",https://adelaideuni.edu.au/study/degrees/bachelor-of-business-international-business/dom/
Bachelor of Business majoring in Management,70.0,,,On Campus,Adelaide City,Full time or part time,3 year(s) full-time,"February, July",https://adelaideuni.edu.au/study/degrees/bachelor-of-business-management/dom/
Bachelor of Business majoring in Marketing,70.0,,,On Campus,Adelaide City,Full time or part time,3 year(s) full-time,"February, July",https://adelaideuni.edu.au/study/degrees/bachelor-of-business-marketing/dom/
Bachelor of Business majoring in Marketing and Communication,70.0,,,On Campus,Adelaide City,Full time or part time,3 year(s) full-time,"February, July",https://adelaideuni.edu.au/study/degrees/bachelor-of-business-marketing-and-communication/dom/
Bachelor of Business majoring in Marketing and Design,70.0,,,On Campus,Adelaide City,Full time or part time,3 year(s) full-time,"February, July",https://adelaideuni.edu.au/study/degrees/bachelor-of-business-marketing-and-design/dom/
Bachelor of Business majoring in Procurement and Supply Chain Management,70.0,,,On Campus,Adelaide City,Full time or part time,3 year(s) full-time,"February, July",https://adelaideuni.edu.au/study/degrees/bachelor-of-business-procurement-and-supply-chain-management/dom/
Bachelor of Business majoring in Project Management,70.0,,,On Campus,Adelaide City,Full time or part time,3 year(s) full-time,"February, July",https://adelaideuni.edu.au/study/degrees/bachelor-of-business-project-management/dom/
Bachelor of Business majoring in Real Estate,70.0,,,On Campus,Adelaide City,Full time or part time,3 year(s) full-time,"February, July",https://adelaideuni.edu.au/study/degrees/bachelor-of-business-real-estate/dom/
Bachelor of Business majoring in Sport Management,70.0,,,On Campus,Adelaide City,Full time or part time,3 year(s) full-time,"February, July",https://adelaideuni.edu.au/study/degrees/bachelor-of-business-sport-management/dom/
"Bachelor of Business majoring in Tourism, Events and Hospitality Management",70.0,,,On Campus,Adelaide City,Full time or part time,3 year(s) full-time,"February, July",https://adelaideuni.edu.au/study/degrees/bachelor-of-business-tourism-events-and-hospitality-management/dom/
Bachelor of Clinical Exercise Physiology (Honours),90.0,,,On Campus,Adelaide City,Full time or part time,4 year(s) full-time,February,https://adelaideuni.edu.au/study/degrees/bachelor-of-clinical-exercise-physiology-honours/dom/
Bachelor of Commerce majoring in Accounting,80.0,,,On Campus,Adelaide City,Full time or part time,3 year(s) full-time,"February, July",https://adelaideuni.edu.au/study/degrees/bachelor-of-commerce-accounting/dom/
Bachelor of Commerce majoring in Banking and Finance,80.0,,,On Campus,Adelaide City,Full time or part time,3 year(s) full-time,"February, July",https://adelaideuni.edu.au/study/degrees/bachelor-of-commerce-banking-and-finance/dom/
Bachelor of Commerce majoring in Business Analytics,80.0,,,On Campus,Adelaide City,Full time or part time,3 year(s) full-time,"February, July",https://adelaideuni.edu.au/study/degrees/bachelor-of-commerce-business-analytics/dom/
Bachelor of Commerce majoring in Financial Planning,80.0,,,On Campus,Adelaide City,Full time or part time,3 year(s) full-time,"February, July",https://adelaideuni.edu.au/study/degrees/bachelor-of-commerce-financial-planning/dom/
Bachelor of Commerce majoring in Property,80.0,,,On Campus,Adelaide City,Full time or part time,3 year(s) full-time,"February, July",https://adelaideuni.edu.au/study/degrees/bachelor-of-commerce-property/dom/
Bachelor of Communication,,,,100% Online,,Full time or part time,3 year(s) full-time,"January, April, June, September",https://adelaideuni.edu.au/study/degrees/online/bachelor-of-communication/dom/
Bachelor of Community Health,,,,100% Online,,Full time or part time,3 year(s) full-time,"January, April, June, September",https://adelaideuni.edu.au/study/degrees/online/bachelor-of-community-health/dom/
Bachelor of Computer Science,80.0,SACE Stage 2 Mathematical Methods (or equivalent),,On Campus,"Adelaide City, Mawson Lakes",Full time or part time,3 year(s) full-time,"February, July",https://adelaideuni.edu.au/study/degrees/bachelor-of-computer-science/dom/
Bachelor of Computer Science (Honours),80.0,SACE Stage 2 Mathematical Methods (or equivalent).,,On Campus,"Adelaide City, Mawson Lakes",Full time or part time,4 year(s) full-time,"February, July",https://adelaideuni.edu.au/study/degrees/bachelor-of-computer-science-honours/dom/
Bachelor of Computer Science (Honours) majoring in Artificial Intelligence and Machine Learning,80.0,SACE Stage 2 Mathematical Methods (or equivalent).,,On Campus,"Adelaide City, Mawson Lakes",Full time or part time,4 year(s) full-time,"February, July",https://adelaideuni.edu.au/study/degrees/bachelor-of-computer-science-honours-artificial-intelligence-and-machine-learning/dom/
Bachelor of Computer Science (Honours) majoring in Human-Centred Computing,80.0,SACE Stage 2 Mathematical Methods (or equivalent).,,On Campus,"Adelaide City, Mawson Lakes",Full time or part time,4 year(s) full-time,"February, July",https://adelaideuni.edu.au/study/degrees/bachelor-of-computer-science-honours-human-centred-computing/dom/
Bachelor of Computer Science (Honours) majoring in Programming Languages,80.0,SACE Stage 2 Mathematical Methods (or equivalent).,,On Campus,"Adelaide City, Mawson Lakes",Full time or part time,4 year(s) full-time,"February, July",https://adelaideuni.edu.au/study/degrees/bachelor-of-computer-science-honours-programming-languages/dom/
Bachelor of Computer Science majoring in Artificial Intelligence and Machine Learning,80.0,SACE Stage 2 Mathematical Methods (or equivalent),,On Campus,"Adelaide City, Mawson Lakes",Full time or part time,3 year(s) full-time,"February, July",https://adelaideuni.edu.au/study/degrees/bachelor-of-computer-science-artificial-intelligence-and-machine-learning/dom/
Bachelor of Computer Science majoring in Human-Centred Computing,80.0,SACE Stage 2 Mathematical Methods (or equivalent),,On Campus,"Adelaide City, Mawson Lakes",Full time or part time,3 year(s) full-time,"February, July",https://adelaideuni.edu.au/study/degrees/bachelor-of-computer-science-human-centred-computing/dom/
Bachelor of Computer Science majoring in Programming Languages,80.0,SACE Stage 2 Mathematical Methods (or equivalent),,On Campus,"Adelaide City, Mawson Lakes",Full time or part time,3 year(s) full-time,"February, July",https://adelaideuni.edu.au/study/degrees/bachelor-of-computer-science-programming-languages/dom/
Bachelor of Construction Management,,,,100% Online,,Full time or part time,3 year(s) full-time,"January, April, June, September",https://adelaideuni.edu.au/study/degrees/online/bachelor-of-construction-management/dom/
Bachelor of Construction Management,70.0,,,On Campus,Adelaide City,Full time or part time,3 year(s) full-time,"February, July",https://adelaideuni.edu.au/study/degrees/bachelor-of-construction-management/dom/
Bachelor of Construction Management (Honours),80.0,,,On Campus,Adelaide City,Full time or part time,4 year(s) full-time,"February, July",https://adelaideuni.edu.au/study/degrees/bachelor-of-construction-management-honours/dom/
Bachelor of Construction Management (Honours),,,,100% Online,,Full time or part time,4 year(s) full-time,"January, April, June, September",https://adelaideuni.edu.au/study/degrees/online/bachelor-of-construction-management-honours/dom/
Bachelor of Creative Arts,70.0,,,On Campus,"Adelaide City, Magill",Full time or part time,3 year(s) full-time,"February, July",https://adelaideuni.edu.au/study/degrees/bachelor-of-creative-arts/dom/
Bachelor of Creative Arts majoring in Comicbook Creation,70.0,,,On Campus,"Adelaide City, Magill",Full time or part time,3 year(s) full-time,"February, July",https://adelaideuni.edu.au/study/degrees/bachelor-of-creative-arts-comicbook-creation/dom/
Bachelor of Creative Arts majoring in Creative Industries,70.0,,,On Campus,"Adelaide City, Magill",Full time or part time,3 year(s) full-time,"February, July",https://adelaideuni.edu.au/study/degrees/bachelor-of-creative-arts-creative-industries/dom/
Bachelor of Creative Arts majoring in Creative Writing,70.0,,,On Campus,"Adelaide City, Magill",Full time or part time,3 year(s) full-time,"February, July",https://adelaideuni.edu.au/study/degrees/bachelor-of-creative-arts-creative-writing/dom/
Bachelor of Creative Arts majoring in Digital Media and Web Design,70.0,,,On Campus,"Adelaide City, Magill",Full time or part time,3 year(s) full-time,"February, July",https://adelaideuni.edu.au/study/degrees/bachelor-of-creative-arts-digital-media-and-web-design/dom/
Bachelor of Creative Arts majoring in Festivals,70.0,,,On Campus,"Adelaide City, Magill",Full time or part time,3 year(s) full-time,"February, July",https://adelaideuni.edu.au/study/degrees/bachelor-of-creative-arts-festivals/dom/
Bachelor of Creative Arts majoring in Games Design and Production,70.0,,,On Campus,"Adelaide City, Magill",Full time or part time,3 year(s) full-time,"February, July",https://adelaideuni.edu.au/study/degrees/bachelor-of-creative-arts-games-design-and-production/dom/
Bachelor of Creative Arts majoring in Immersive Media,70.0,,,On Campus,"Adelaide City, Magill",Full time or part time,3 year(s) full-time,"February, July",https://adelaideuni.edu.au/study/degrees/bachelor-of-creative-arts-immersive-media/dom/
Bachelor of Creative Arts majoring in Performing Arts,70.0,,,On Campus,"Adelaide City, Magill",Full time or part time,3 year(s) full-time,"February, July",https://adelaideuni.edu.au/study/degrees/bachelor-of-creative-arts-performing-arts/dom/
Bachelor of Creative Arts majoring in Screen Production,70.0,,,On Campus,"Adelaide City, Magill",Full time or part time,3 year(s) full-time,"February, July",https://adelaideuni.edu.au/study/degrees/bachelor-of-creative-arts-screen-production/dom/
Bachelor of Criminology and Criminal Justice,,,,100% Online,,Full time or part time,3 year(s) full-time,"January, April, June, September",https://adelaideuni.edu.au/study/degrees/online/bachelor-of-criminology-and-criminal-justice/dom/
Bachelor of Criminology and Criminal Justice,70.0,,,On Campus,"Adelaide City, Magill",Full time or part time,3 year(s) full-time,"February, July",https://adelaideuni.edu.au/study/degrees/bachelor-of-criminology-and-criminal-justice/dom/
Bachelor of Criminology and Criminal Justice majoring in Aboriginal Studies,70.0,,,On Campus,"Adelaide City, Magill",Full time or part time,3 year(s) full-time,"February, July",https://adelaideuni.edu.au/study/degrees/bachelor-of-criminology-and-criminal-justice-aboriginal-studies/dom/
Bachelor of Criminology and Criminal Justice majoring in Anthropology,70.0,,,On Campus,"Adelaide City, Magill",Full time or part time,3 year(s) full-time,"February, July",https://adelaideuni.edu.au/study/degrees/bachelor-of-criminology-and-criminal-justice-anthropology/dom/
Bachelor of Criminology and Criminal Justice majoring in Gender and Sexuality Studies,70.0,,,On Campus,"Adelaide City, Magill",Full time or part time,3 year(s) full-time,"February, July",https://adelaideuni.edu.au/study/degrees/bachelor-of-criminology-and-criminal-justice-gender-and-sexuality-studies/dom/
Bachelor of Criminology and Criminal Justice majoring in History,70.0,,,On Campus,"Adelaide City, Magill",Full time or part time,3 year(s) full-time,"February, July",https://adelaideuni.edu.au/study/degrees/bachelor-of-criminology-and-criminal-justice-history/dom/
Bachelor of Criminology and Criminal Justice majoring in International Security,70.0,,,On Campus,"Adelaide City, Magill",Full time or part time,3 year(s) full-time,"February, July",https://adelaideuni.edu.au/study/degrees/bachelor-of-criminology-and-criminal-justice-international-security/dom/
Bachelor of Criminology and Criminal Justice majoring in Politics,70.0,,,On Campus,"Adelaide City, Magill",Full time or part time,3 year(s) full-time,"February, July",https://adelaideuni.edu.au/study/degrees/bachelor-of-criminology-and-criminal-justice-politics/dom/
Bachelor of Criminology and Criminal Justice majoring in Population and Migration Studies,70.0,,,On Campus,"Adelaide City, Magill",Full time or part time,3 year(s) full-time,"February, July",https://adelaideuni.edu.au/study/degrees/bachelor-of-criminology-and-criminal-justice-population-and-migration-studies/dom/
Bachelor of Criminology and Criminal Justice majoring in Social Research and Policy Analysis,70.0,,,On Campus,"Adelaide City, Magill",Full time or part time,3 year(s) full-time,"February, July",https://adelaideuni.edu.au/study/degrees/bachelor-of-criminology-and-criminal-justice-social-research-and-policy-analysis/dom/
Bachelor of Criminology and Criminal Justice majoring in Sociology,70.0,,,On Campus,"Adelaide City, Magill",Full time or part time,3 year(s) full-time,"February, July",https://adelaideuni.edu.au/study/degrees/bachelor-of-criminology-and-criminal-justice-sociology/dom/
Bachelor of Cyber Security,80.0,,,On Campus,"Adelaide City, Mawson Lakes",Full time or part time,3 year(s) full-time,"February, July",https://adelaideuni.edu.au/study/degrees/bachelor-of-cyber-security/dom/
"Bachelor of Cyber Security majoring in Governance, Risk and Compliance",80.0,,,On Campus,"Adelaide City, Mawson Lakes",Full time or part time,3 year(s) full-time,"February, July",https://adelaideuni.edu.au/study/degrees/bachelor-of-cyber-security-governance-risk-and-compliance/dom/
Bachelor of Cyber Security majoring in Technology,80.0,,,On Campus,"Adelaide City, Mawson Lakes",Full time or part time,3 year(s) full-time,"February, July",https://adelaideuni.edu.au/study/degrees/bachelor-of-cyber-security-technology/dom/
Bachelor of Data Analytics,,,,100% Online,,Full time or part time,3 year(s) full-time,"January, April, June, September",https://adelaideuni.edu.au/study/degrees/online/bachelor-of-data-analytics/dom/
Bachelor of Dental Surgery,,"Any one of SACE Stage 2 Chemistry, Mathematical Methods, Specialist Mathematics, or Physics (or equivalent); PLUS Any one additional subject chosen from SACE Stage 2 Biology, Earth and Environmental Science, Chemistry, or Physics (or equivalent).",High proficiency in written and spoken English,On Campus,Adelaide City,Full-time only (no part time option),5 year(s) full-time only (no part time option),February,https://adelaideuni.edu.au/study/degrees/bachelor-of-dental-surgery/dom/
Bachelor of Digital Business,,,,100% Online,,Full time or part time,3 year(s) full-time,"January, April, June, September",https://adelaideuni.edu.au/study/degrees/online/bachelor-of-digital-business/dom/
Bachelor of Digital Media,,,,100% Online,,Full time or part time,3 year(s) full-time,"January, April, June, September",https://adelaideuni.edu.au/study/degrees/online/bachelor-of-digital-media/dom/
Bachelor of Economics,70.0,,,On Campus,Adelaide City,Full time or part time,3 year(s) full-time,"February, July",https://adelaideuni.edu.au/study/degrees/bachelor-of-economics/dom/
Bachelor of Economics (Honours),80.0,,,On Campus,Adelaide City,Full time or part time,4 year(s) full-time,"February, July",https://adelaideuni.edu.au/study/degrees/bachelor-of-economics-honours/dom/
Bachelor of Economics majoring in Advanced Analysis,70.0,,,On Campus,Adelaide City,Full time or part time,3 year(s) full-time,"February, July",https://adelaideuni.edu.au/study/degrees/bachelor-of-economics-advanced-analysis/dom/
Bachelor of Engineering (Chemical) (Honours),80.0,SACE Stage 2 Mathematical Methods (or equivalent),,On Campus,"Adelaide City, Mawson Lakes",Full time or part time,4 year(s) full-time,"February, July",https://adelaideuni.edu.au/study/degrees/bachelor-of-engineering-chemical-honours/dom/
Bachelor of Engineering (Chemical) (Honours) majoring in Energy Resources Engineering,80.0,SACE Stage 2 Mathematical Methods (or equivalent),,On Campus,"Adelaide City, Mawson Lakes",Full time or part time,4 year(s) full-time,"February, July",https://adelaideuni.edu.au/study/degrees/bachelor-of-engineering-chemical-honours-energy-resources-engineering/dom/
Bachelor of Engineering (Civil) (Honours),80.0,SACE Stage 2 Mathematical Methods (or equivalent),,On Campus,"Adelaide City, Mawson Lakes",Full time or part time,4 year(s) full-time,"February, July",https://adelaideuni.edu.au/study/degrees/bachelor-of-engineering-civil-honours/dom/
Bachelor of Engineering (Civil) (Honours) majoring in Construction Engineering,80.0,SACE Stage 2 Mathematical Methods (or equivalent),,On Campus,"Adelaide City, Mawson Lakes",Full time or part time,4 year(s) full-time,"February, July",https://adelaideuni.edu.au/study/degrees/bachelor-of-engineering-civil-honours-construction-engineering/dom/
Bachelor of Engineering (Civil) (Honours) majoring in Energy Resources Engineering,80.0,SACE Stage 2 Mathematical Methods (or equivalent),,On Campus,"Adelaide City, Mawson Lakes",Full time or part time,4 year(s) full-time,"February, July",https://adelaideuni.edu.au/study/degrees/bachelor-of-engineering-civil-honours-energy-resources-engineering/dom/
Bachelor of Engineering (Civil) (Honours) majoring in Mining Engineering,80.0,SACE Stage 2 Mathematical Methods (or equivalent),,On Campus,"Adelaide City, Mawson Lakes",Full time or part time,4 year(s) full-time,"February, July",https://adelaideuni.edu.au/study/degrees/bachelor-of-engineering-civil-honours-mining-engineering/dom/
Bachelor of Engineering (Civil) (Honours) majoring in Structural Engineering,80.0,SACE Stage 2 Mathematical Methods (or equivalent),,On Campus,"Adelaide City, Mawson Lakes",Full time or part time,4 year(s) full-time,"February, July",https://adelaideuni.edu.au/study/degrees/bachelor-of-engineering-civil-honours-structural-engineering/dom/
Bachelor of Engineering (Electrical and Electronic) (Honours),80.0,SACE Stage 2 Mathematical Methods (or equivalent),,On Campus,"Adelaide City, Mawson Lakes",Full time or part time,4 year(s) full-time,"February, July",https://adelaideuni.edu.au/study/degrees/bachelor-of-engineering-electrical-and-electronic-honours/dom/
Bachelor of Engineering (Electrical and Electronic) (Honours) majoring in Mechatronics and Robotics,80.0,SACE Stage 2 Mathematical Methods (or equivalent),,On Campus,"Adelaide City, Mawson Lakes",Full time or part time,4 year(s) full-time,"February, July",https://adelaideuni.edu.au/study/degrees/bachelor-of-engineering-electrical-and-electronic-honours-mechatronics-and-robotics/dom/
Bachelor of Engineering (Environmental) (Honours),80.0,SACE Stage 2 Mathematical Methods (or equivalent).,,On Campus,"Adelaide City, Mawson Lakes",Full time or part time,4 year(s) full-time,"February, July",https://adelaideuni.edu.au/study/degrees/bachelor-of-engineering-environmental-honours/dom/
Bachelor of Engineering (Honours) (Flexible Entry),80.0,,,On Campus,"Adelaide City, Mawson Lakes",Full time or part time,4 year(s) full-time,"February, July",https://adelaideuni.edu.au/study/degrees/bachelor-of-engineering-honours-flexible-entry/dom/
Bachelor of Engineering (Mechanical) (Honours),80.0,SACE Stage 2 Mathematical Methods (or equivalent),,On Campus,"Adelaide City, Mawson Lakes",Full time or part time,4 year(s) full-time,"February, July",https://adelaideuni.edu.au/study/degrees/bachelor-of-engineering-mechanical-honours/dom/
Bachelor of Engineering (Mechanical) (Honours) majoring in Aerospace Engineering,80.0,SACE Stage 2 Mathematical Methods (or equivalent),,On Campus,"Adelaide City, Mawson Lakes",Full time or part time,4 year(s) full-time,"February, July",https://adelaideuni.edu.au/study/degrees/bachelor-of-engineering-mechanical-honours-aerospace-engineering/dom/
Bachelor of Engineering (Mechanical) (Honours) majoring in Energy Resources Engineering,80.0,SACE Stage 2 Mathematical Methods (or equivalent),,On Campus,"Adelaide City, Mawson Lakes",Full time or part time,4 year(s) full-time,"February, July",https://adelaideuni.edu.au/study/degrees/bachelor-of-engineering-mechanical-honours-energy-resources-engineering/dom/
Bachelor of Engineering (Mechanical) (Honours) majoring in Mechatronics and Robotics,80.0,SACE Stage 2 Mathematical Methods (or equivalent),,On Campus,"Adelaide City, Mawson Lakes",Full time or part time,4 year(s) full-time,"February, July",https://adelaideuni.edu.au/study/degrees/bachelor-of-engineering-mechanical-honours-mechatronics-and-robotics/dom/
Bachelor of Engineering (Mechanical) (Honours) majoring in Mining Engineering,80.0,SACE Stage 2 Mathematical Methods (or equivalent),,On Campus,"Adelaide City, Mawson Lakes",Full time or part time,4 year(s) full-time,"February, July",https://adelaideuni.edu.au/study/degrees/bachelor-of-engineering-mechanical-honours-mining-engineering/dom/
Bachelor of Exercise and Sport Science,80.0,,,On Campus,Adelaide City,Full time or part time,3 year(s) full-time,"February, July",https://adelaideuni.edu.au/study/degrees/bachelor-of-exercise-and-sport-science/dom/
Bachelor of Film and Television,70.0,,,On Campus,"Magill Campus, Adelaide City",Full time or part time,3 year(s) full-time,"February, July",https://adelaideuni.edu.au/study/degrees/bachelor-of-film-and-television/dom/
Bachelor of Fine Arts,80.0,,,On Campus,"Adelaide City, Magill",Full time or part time,3 year(s) full-time,"February, July",https://adelaideuni.edu.au/study/degrees/bachelor-of-fine-arts/dom/
Bachelor of Food and Nutrition Science (Honours),80.0,,"SACE Stage 2: Chemistry and Mathematical Methods, OR IB Chemistry AND IB Mathematics: Applications and Interpretations (HL) or IB Mathematics: Analysis and Approaches (SL)",On Campus,"Adelaide City, Waite",Full time or part time,4 year(s) full-time,"February, July",https://adelaideuni.edu.au/study/degrees/bachelor-of-food-and-nutrition-science-honours/dom/
Bachelor of Graphic Communication Design,70.0,,,On Campus,"Adelaide City, Magill",Full time or part time,3 year(s) full-time,"February, July",https://adelaideuni.edu.au/study/degrees/bachelor-of-graphic-communication-design/dom/
Bachelor of Health Science,,,,100% Online,,Full time or part time,3 year(s) full-time,"January, April, June, September",https://adelaideuni.edu.au/study/degrees/online/bachelor-of-health-science/dom/
Bachelor of Health Science (Healthy Ageing),,,,100% Online,,Full time or part time,3 year(s) full-time,"January, April, June, September",https://adelaideuni.edu.au/study/degrees/online/bachelor-of-health-science-healthy-ageing/dom/
Bachelor of Health Science (Nutrition and Exercise),,,,100% Online,,Full time or part time,3 year(s) full-time,"January, April, June, September",https://adelaideuni.edu.au/study/degrees/online/bachelor-of-health-science-nutrition-and-exercise/dom/
Bachelor of Health Service Management,,,,100% Online,,Full time or part time,3 year(s) full-time,"January, March, May, July, August, October",https://adelaideuni.edu.au/study/degrees/online/bachelor-of-health-service-management/dom/
Bachelor of Human Movement majoring in Human Nutrition,70.0,,,On Campus,Adelaide City,Full time or part time,3 year(s) full-time,February,https://adelaideuni.edu.au/study/degrees/bachelor-of-human-movement-human-nutrition/dom/
Bachelor of Human Movement majoring in Secondary Health and Physical Education,70.0,,,On Campus,Adelaide City,Full time or part time,3 year(s) full-time,February,https://adelaideuni.edu.au/study/degrees/bachelor-of-human-movement-secondary-health-and-physical-education/dom/
Bachelor of Human Movement majoring in Sport Coaching,70.0,,,On Campus,Adelaide City,Full time or part time,3 year(s) full-time,February,https://adelaideuni.edu.au/study/degrees/bachelor-of-human-movement-sport-coaching/dom/
Bachelor of Human Nutrition,80.0,,,On Campus,"Adelaide City, Waite",Full time or part time,3 year(s) full-time,"February, July",https://adelaideuni.edu.au/study/degrees/bachelor-of-human-nutrition/dom/
Bachelor of Illustration and Animation,70.0,,,On Campus,"Adelaide City, Magill",Full time or part time,3 year(s) full-time,"February, July",https://adelaideuni.edu.au/study/degrees/bachelor-of-illustration-and-animation/dom/
Bachelor of Industrial Design,70.0,,,On Campus,"Adelaide City, Magill",Full time or part time,3 year(s) full-time,"February, July",https://adelaideuni.edu.au/study/degrees/bachelor-of-industrial-design/dom/
Bachelor of Information Technology,70.0,,,On Campus,"Adelaide City, Mawson Lakes",Full time or part time,3 year(s) full-time,"February, July",https://adelaideuni.edu.au/study/degrees/bachelor-of-information-technology/dom/
Bachelor of Information Technology,,,,100% Online,,Full time or part time,3 year(s) full-time,"January, April, June, September",https://adelaideuni.edu.au/study/degrees/online/bachelor-of-information-technology/dom/
Bachelor of Information Technology majoring in Data Analytics,70.0,,,On Campus,"Adelaide City, Mawson Lakes",Full time or part time,3 year(s) full-time,"February, July",https://adelaideuni.edu.au/study/degrees/bachelor-of-information-technology-data-analytics/dom/
Bachelor of Information Technology majoring in Games Development,70.0,,,On Campus,"Adelaide City, Mawson Lakes",Full time or part time,3 year(s) full-time,"February, July",https://adelaideuni.edu.au/study/degrees/bachelor-of-information-technology-games-development/dom/
Bachelor of Information Technology majoring in Networking and Cyber Security,70.0,,,On Campus,"Adelaide City, Mawson Lakes",Full time or part time,3 year(s) full-time,"February, July",https://adelaideuni.edu.au/study/degrees/bachelor-of-information-technology-networking-and-cyber-security/dom/
Bachelor of Information Technology majoring in Software Development,70.0,,,On Campus,"Adelaide City, Mawson Lakes",Full time or part time,3 year(s) full-time,"February, July",https://adelaideuni.edu.au/study/degrees/bachelor-of-information-technology-software-development/dom/
Bachelor of Interior Architecture (Honours),70.0,,,On Campus,Adelaide City,Full time or part time,4 year(s) full-time,"February, July",https://adelaideuni.edu.au/study/degrees/bachelor-of-interior-architecture-honours/dom/
Bachelor of International Business,,,,100% Online,,Full time or part time,3 year(s) full-time,"January, March, May, July, August, October",https://adelaideuni.edu.au/study/degrees/online/bachelor-of-international-business/dom/
Bachelor of International Relations,70.0,,,On Campus,Adelaide City,Full time or part time,3 year(s) full-time,"February, July",https://adelaideuni.edu.au/study/degrees/bachelor-of-international-relations/dom/
Bachelor of International Relations majoring in Chinese Studies,70.0,,,On Campus,"Adelaide City, Magill",Full time or part time,3 year(s) full-time,February,https://adelaideuni.edu.au/study/degrees/bachelor-of-international-relations-chinese-studies/dom/
Bachelor of International Relations majoring in Environmental Management,70.0,,,On Campus,Adelaide City,Full time or part time,3 year(s) full-time,"February, July",https://adelaideuni.edu.au/study/degrees/bachelor-of-international-relations-environmental-management/dom/
Bachelor of International Relations majoring in French Studies,70.0,,,On Campus,"Adelaide City, Magill",Full time or part time,3 year(s) full-time,February,https://adelaideuni.edu.au/study/degrees/bachelor-of-international-relations-french-studies/dom/
Bachelor of International Relations majoring in German Studies,70.0,,,On Campus,"Adelaide City, Magill",Full time or part time,3 year(s) full-time,February,https://adelaideuni.edu.au/study/degrees/bachelor-of-international-relations-german-studies/dom/
Bachelor of International Relations majoring in History,70.0,,,On Campus,Adelaide City,Full time or part time,3 year(s) full-time,"February, July",https://adelaideuni.edu.au/study/degrees/bachelor-of-international-relations-history/dom/
Bachelor of International Relations majoring in International Development,70.0,,,On Campus,Adelaide City,Full time or part time,3 year(s) full-time,"February, July",https://adelaideuni.edu.au/study/degrees/bachelor-of-international-relations-international-development/dom/
Bachelor of International Relations majoring in International Security,70.0,,,On Campus,Adelaide City,Full time or part time,3 year(s) full-time,"February, July",https://adelaideuni.edu.au/study/degrees/bachelor-of-international-relations-international-security/dom/
Bachelor of International Relations majoring in Italian Studies,70.0,,,On Campus,"Adelaide City, Magill",Full time or part time,3 year(s) full-time,February,https://adelaideuni.edu.au/study/degrees/bachelor-of-international-relations-italian-studies/dom/
Bachelor of International Relations majoring in Japanese Studies,70.0,,,On Campus,"Adelaide City, Magill",Full time or part time,3 year(s) full-time,February,https://adelaideuni.edu.au/study/degrees/bachelor-of-international-relations-japanese-studies/dom/
Bachelor of International Relations majoring in Politics,70.0,,,On Campus,Adelaide City,Full time or part time,3 year(s) full-time,"February, July",https://adelaideuni.edu.au/study/degrees/bachelor-of-international-relations-politics/dom/
Bachelor of International Relations majoring in Population and Migration Studies,70.0,,,On Campus,Adelaide City,Full time or part time,3 year(s) full-time,"February, July",https://adelaideuni.edu.au/study/degrees/bachelor-of-international-relations-population-and-migration-studies/dom/
Bachelor of International Relations majoring in Spanish Studies,70.0,,,On Campus,"Adelaide City, Magill",Full time or part time,3 year(s) full-time,February,https://adelaideuni.edu.au/study/degrees/bachelor-of-international-relations-spanish-studies/dom/
Bachelor of Journalism,70.0,,,On Campus,"Magill Campus, Adelaide City",Full time or part time,3 year(s) full-time,"February, July",https://adelaideuni.edu.au/study/degrees/bachelor-of-journalism/dom/
Bachelor of Journalism,,,,100% Online,,Full time or part time,3 year(s) full-time,"January, April, June, September",https://adelaideuni.edu.au/study/degrees/online/bachelor-of-journalism/dom/
Bachelor of Journalism majoring in Creative Writing,70.0,,,On Campus,"Magill Campus, Adelaide City",Full time or part time,3 year(s) full-time,"February, July",https://adelaideuni.edu.au/study/degrees/bachelor-of-journalism-creative-writing/dom/
Bachelor of Journalism majoring in Digital and Social Media Storytelling,70.0,,,On Campus,"Magill Campus, Adelaide City",Full time or part time,3 year(s) full-time,"February, July",https://adelaideuni.edu.au/study/degrees/bachelor-of-journalism-digital-and-social-media-storytelling/dom/
Bachelor of Journalism majoring in Immersive Media,70.0,,,On Campus,"Magill Campus, Adelaide City",Full time or part time,3 year(s) full-time,"February, July",https://adelaideuni.edu.au/study/degrees/bachelor-of-journalism-immersive-media/dom/
Bachelor of Journalism majoring in Politics,70.0,,,On Campus,"Magill Campus, Adelaide City",Full time or part time,3 year(s) full-time,"February, July",https://adelaideuni.edu.au/study/degrees/bachelor-of-journalism-politics/dom/
Bachelor of Journalism majoring in Strategic Communication,70.0,,,On Campus,"Magill Campus, Adelaide City",Full time or part time,3 year(s) full-time,"February, July",https://adelaideuni.edu.au/study/degrees/bachelor-of-journalism-strategic-communication/dom/
Bachelor of Laboratory Medicine (Honours),80.0,"Any one of SACE Stage 2 Physics, Biology or Chemistry (or equivalent).",,On Campus,Adelaide City,Full time or part time,4 year(s) full-time,"February, July",https://adelaideuni.edu.au/study/degrees/bachelor-of-laboratory-medicine-honours/dom/
Bachelor of Laws (Honours),,,,On Campus,Adelaide City,Full time or part time,4 year(s) full-time,"February, July",https://adelaideuni.edu.au/study/degrees/bachelor-of-laws-honours/dom/
"Bachelor of Laws (Honours), Bachelor of Arts",,,,On Campus,"Adelaide City, Magill",Full time or part time,5 year(s) full-time,"February, July",https://adelaideuni.edu.au/study/degrees/bachelor-of-laws-honours-bachelor-of-arts/dom/
"Bachelor of Laws (Honours), Bachelor of Business",,,,On Campus,Adelaide City,Full time or part time,5 year(s) full-time,"February, July",https://adelaideuni.edu.au/study/degrees/bachelor-of-laws-honours-bachelor-of-business/dom/
"Bachelor of Laws (Honours), Bachelor of Commerce",,,,On Campus,Adelaide City,Full time or part time,5 year(s) full-time,"February, July",https://adelaideuni.edu.au/study/degrees/bachelor-of-laws-honours-bachelor-of-commerce/dom/
"Bachelor of Laws (Honours), Bachelor of Criminology and Criminal Justice",,,,On Campus,"Adelaide City, Magill",Full time or part time,5 year(s) full-time,"February, July",https://adelaideuni.edu.au/study/degrees/bachelor-of-laws-honours-bachelor-of-criminology-and-criminal-justice/dom/
"Bachelor of Laws (Honours), Bachelor of Economics",,,,On Campus,Adelaide City,Full time or part time,5 year(s) full-time,"February, July",https://adelaideuni.edu.au/study/degrees/bachelor-of-laws-honours-bachelor-of-economics/dom/
"Bachelor of Laws (Honours), Bachelor of Economics (Honours)",,,,On Campus,Adelaide City,Full time or part time,6 year(s) full-time,"February, July",https://adelaideuni.edu.au/study/degrees/bachelor-of-laws-honours-bachelor-of-economics-honours/dom/
"Bachelor of Laws (Honours), Bachelor of International Relations",,,,On Campus,Adelaide City,Full time or part time,5 year(s) full-time,"February, July",https://adelaideuni.edu.au/study/degrees/bachelor-of-laws-honours-bachelor-of-international-relations/dom/
"Bachelor of Laws (Honours), Bachelor of Journalism",,,,On Campus,"Adelaide City, Magill",Full time or part time,5 year(s) full-time,"February, July",https://adelaideuni.edu.au/study/degrees/bachelor-of-laws-honours-bachelor-of-journalism/dom/
"Bachelor of Laws (Honours), Bachelor of Psychology",,,,On Campus,"Adelaide City, Magill",Full time or part time,5 year(s) full-time,"February, July",https://adelaideuni.edu.au/study/degrees/bachelor-of-laws-honours-bachelor-of-psychology/dom/
"Bachelor of Laws (Honours), Bachelor of Sustainability and Climate Change",,,,On Campus,"Adelaide City, Magill",Full time or part time,5 year(s) full-time,"February, July",https://adelaideuni.edu.au/study/degrees/bachelor-of-laws-honours-bachelor-of-sustainability-and-climate-change/dom/
Bachelor of Marketing and Communication,,,,100% Online,,Full time or part time,3 year(s) full-time,"January, April, June, September",https://adelaideuni.edu.au/study/degrees/online/bachelor-of-marketing-and-communications/dom/
Bachelor of Mathematics,70.0,SACE Stage 2 Mathematical Methods (or equivalent),,On Campus,"Adelaide City, Mawson Lakes",Full time or part time,3 year(s) full-time,"February, July",https://adelaideuni.edu.au/study/degrees/bachelor-of-mathematics/dom/
Bachelor of Mathematics (Honours),80.0,SACE Stage 2 Mathematical Methods (or equivalent),,On Campus,"Adelaide City, Mawson Lakes",Full time or part time,4 year(s) full-time,"February, July",https://adelaideuni.edu.au/study/degrees/bachelor-of-mathematics-honours/dom/
Bachelor of Mathematics (Honours) majoring in Applied Mathematics,80.0,SACE Stage 2 Mathematical Methods (or equivalent),,On Campus,"Adelaide City, Mawson Lakes",Full time or part time,4 year(s) full-time,"February, July",https://adelaideuni.edu.au/study/degrees/bachelor-of-mathematics-honours-applied-mathematics/dom/
Bachelor of Mathematics (Honours) majoring in Data Science,80.0,SACE Stage 2 Mathematical Methods (or equivalent),,On Campus,"Adelaide City, Mawson Lakes",Full time or part time,4 year(s) full-time,"February, July",https://adelaideuni.edu.au/study/degrees/bachelor-of-mathematics-honours-data-science/dom/
Bachelor of Mathematics (Honours) majoring in Pure Mathematics,80.0,SACE Stage 2 Mathematical Methods (or equivalent),,On Campus,"Adelaide City, Mawson Lakes",Full time or part time,4 year(s) full-time,"February, July",https://adelaideuni.edu.au/study/degrees/bachelor-of-mathematics-honours-pure-mathematics/dom/
Bachelor of Mathematics (Honours) majoring in Statistics,80.0,SACE Stage 2 Mathematical Methods (or equivalent),,On Campus,"Adelaide City, Mawson Lakes",Full time or part time,4 year(s) full-time,"February, July",https://adelaideuni.edu.au/study/degrees/bachelor-of-mathematics-honours-statistics/dom/
Bachelor of Mathematics majoring in Applied Mathematics,70.0,SACE Stage 2 Mathematical Methods (or equivalent),,On Campus,"Adelaide City, Mawson Lakes",Full time or part time,3 year(s) full-time,"February, July",https://adelaideuni.edu.au/study/degrees/bachelor-of-mathematics-applied-mathematics/dom/
Bachelor of Mathematics majoring in Data Science,70.0,SACE Stage 2 Mathematical Methods (or equivalent),,On Campus,"Adelaide City, Mawson Lakes",Full time or part time,3 year(s) full-time,"February, July",https://adelaideuni.edu.au/study/degrees/bachelor-of-mathematics-data-science/dom/
Bachelor of Mathematics majoring in Pure Mathematics,70.0,SACE Stage 2 Mathematical Methods (or equivalent),,On Campus,"Adelaide City, Mawson Lakes",Full time or part time,3 year(s) full-time,"February, July",https://adelaideuni.edu.au/study/degrees/bachelor-of-mathematics-pure-mathematics/dom/
Bachelor of Mathematics majoring in Statistics,70.0,SACE Stage 2 Mathematical Methods (or equivalent),,On Campus,"Adelaide City, Mawson Lakes",Full time or part time,3 year(s) full-time,"February, July",https://adelaideuni.edu.au/study/degrees/bachelor-of-mathematics-statistics/dom/
Bachelor of Media and Communication,70.0,,,On Campus,"Adelaide City, Magill",Full time or part time,3 year(s) full-time,"February, July",https://adelaideuni.edu.au/study/degrees/bachelor-of-media-and-communication/dom/
Bachelor of Media and Communication (Games Design and Production),70.0,,,On Campus,"Adelaide City, Magill",Full time or part time,3 year(s) full-time,"February, July",https://adelaideuni.edu.au/study/degrees/bachelor-of-media-and-communication-games-design-and-production/dom/
Bachelor of Media and Communication majoring in Digital Media and Web Design,70.0,,,On Campus,"Adelaide City, Magill",Full time or part time,3 year(s) full-time,"February, July",https://adelaideuni.edu.au/study/degrees/bachelor-of-media-and-communication-digital-media-and-web-design/dom/
Bachelor of Media and Communication majoring in Digital and Social Media Storytelling,70.0,,,On Campus,"Adelaide City, Magill",Full time or part time,3 year(s) full-time,"February, July",https://adelaideuni.edu.au/study/degrees/bachelor-of-media-and-communication-digital-and-social-media-storytelling/dom/
Bachelor of Media and Communication majoring in Immersive Media,70.0,,,On Campus,"Adelaide City, Magill",Full time or part time,3 year(s) full-time,"February, July",https://adelaideuni.edu.au/study/degrees/bachelor-of-media-and-communication-immersive-media/dom/
Bachelor of Media and Communication majoring in Media Cultures,70.0,,,On Campus,"Adelaide City, Magill",Full time or part time,3 year(s) full-time,"February, July",https://adelaideuni.edu.au/study/degrees/bachelor-of-media-and-communication-media-cultures/dom/
Bachelor of Media and Communication majoring in Screen Production,70.0,,,On Campus,"Adelaide City, Magill",Full time or part time,3 year(s) full-time,"February, July",https://adelaideuni.edu.au/study/degrees/bachelor-of-media-and-communication-screen-production/dom/
Bachelor of Media and Communication majoring in Screen Studies,70.0,,,On Campus,"Adelaide City, Magill",Full time or part time,3 year(s) full-time,"February, July",https://adelaideuni.edu.au/study/degrees/bachelor-of-media-and-communication-screen-studies/dom/
Bachelor of Media and Communication majoring in Strategic Communication,70.0,,,On Campus,"Adelaide City, Magill",Full time or part time,3 year(s) full-time,"February, July",https://adelaideuni.edu.au/study/degrees/bachelor-of-media-and-communication-strategic-communication/dom/
Bachelor of Medical Radiation Science (Honours) majoring in Medical Imaging,,,,On Campus,Adelaide City,Full time or part time,4 year(s) full-time,February,https://adelaideuni.edu.au/study/degrees/bachelor-of-medical-radiation-science-honours-medical-imaging/dom/
Bachelor of Medical Radiation Science (Honours) majoring in Nuclear Medicine,,,,On Campus,Adelaide City,Full time or part time,4 year(s) full-time,February,https://adelaideuni.edu.au/study/degrees/bachelor-of-medical-radiation-science-honours-nuclear-medicine/dom/
Bachelor of Medical Radiation Science (Honours) majoring in Radiation Therapy,,,,On Campus,Adelaide City,Full time or part time,4 year(s) full-time,February,https://adelaideuni.edu.au/study/degrees/bachelor-of-medical-radiation-science-honours-radiation-therapy/dom/
Bachelor of Medical Studies,,Any one of SACE Stage 2 Biology or Chemistry or Mathematical Methods (or equivalent).,High proficiency in written and spoken English.,On Campus,Adelaide City,Full-time only (no part time option),3 year(s) full-time only (no part time option),February,https://adelaideuni.edu.au/study/degrees/bachelor-of-medical-studies/dom/
Bachelor of Midwifery,90.0,,,On Campus,"Adelaide City, Mount Gambier, Whyalla",Full time or part time,3 year(s) full-time,February,https://adelaideuni.edu.au/study/degrees/bachelor-of-midwifery/dom/
Bachelor of Music (Honours) majoring in Classical Performance,,,,On Campus,Adelaide City,Full time or part time,4 year(s) full-time,"February, July",https://adelaideuni.edu.au/study/degrees/bachelor-of-music-honours-classical-performance/dom/
Bachelor of Music (Honours) majoring in Creative Practice,,,,On Campus,Adelaide City,Full time or part time,4 year(s) full-time,"February, July",https://adelaideuni.edu.au/study/degrees/bachelor-of-music-honours-creative-practice/dom/
Bachelor of Music (Honours) majoring in Jazz Performance,,,,On Campus,Adelaide City,Full time or part time,4 year(s) full-time,"February, July",https://adelaideuni.edu.au/study/degrees/bachelor-of-music-honours-jazz-performance/dom/
Bachelor of Music (Honours) majoring in Music Education,,,,On Campus,Adelaide City,Full time or part time,4 year(s) full-time,"February, July",https://adelaideuni.edu.au/study/degrees/bachelor-of-music-honours-music-education/dom/
Bachelor of Music (Honours) majoring in Musicology,,,,On Campus,Adelaide City,Full time or part time,4 year(s) full-time,"February, July",https://adelaideuni.edu.au/study/degrees/bachelor-of-music-honours-musicology/dom/
Bachelor of Music Theatre,,,,On Campus,Adelaide City,Full-time only (no part time option),3 year(s) full-time only (no part time option),February,https://adelaideuni.edu.au/study/degrees/bachelor-of-music-theatre/dom/
Bachelor of Music majoring in Classical Performance,,,,On Campus,Adelaide City,Full time or part time,3 year(s) full-time,"February, July",https://adelaideuni.edu.au/study/degrees/bachelor-of-music-classical-performance/dom/
Bachelor of Music majoring in Creative Practice,,,,On Campus,Adelaide City,Full time or part time,3 year(s) full-time,"February, July",https://adelaideuni.edu.au/study/degrees/bachelor-of-music-creative-practice/dom/
Bachelor of Music majoring in Jazz Performance,,,,On Campus,Adelaide City,Full time or part time,3 year(s) full-time,"February, July",https://adelaideuni.edu.au/study/degrees/bachelor-of-music-jazz-performance/dom/
Bachelor of Music majoring in Music Education,,,,On Campus,Adelaide City,Full time or part time,3 year(s) full-time,"February, July",https://adelaideuni.edu.au/study/degrees/bachelor-of-music-music-education/dom/
Bachelor of Nursing,80.0,,,On Campus,"Adelaide City, Mount Gambier, Whyalla",Full time or part time,3 year(s) full-time,February,https://adelaideuni.edu.au/study/degrees/bachelor-of-nursing/dom/
Bachelor of Occupational Therapy (Honours),,,,On Campus,"Adelaide City, Whyalla",Full time or part time,4 year(s) full-time,February,https://adelaideuni.edu.au/study/degrees/bachelor-of-occupational-therapy-honours/dom/
Bachelor of Oral Health,,Any 20-credit SACE Stage 2 Tertiary Admission Subject from the Mathematics or Science Learning Areas.,High proficiency in written and spoken English.,On Campus,Adelaide City,Full-time only (no part time option),3 year(s) full-time only (no part time option),February,https://adelaideuni.edu.au/study/degrees/bachelor-of-oral-health/dom/
Bachelor of Outdoor and Environmental Leadership,70.0,,,On Campus,Adelaide City,Full time or part time,3 year(s) full-time,"February, July",https://adelaideuni.edu.au/study/degrees/bachelor-of-outdoor-environment-leadership/dom/
Bachelor of Pharmaceutical Science,80.0,"SACE Stage 2 Biology, Chemistry or Physics (or equivalent)",,On Campus,Adelaide City,Full time or part time,3 year(s) full-time,"February, July",https://adelaideuni.edu.au/study/degrees/bachelor-of-pharmaceutical-science/dom/
Bachelor of Pharmacy (Honours),90.0,"SACE Stage 2 Biology, Chemistry or Physics (or equivalent)",,On Campus,Adelaide City,Full time or part time,4 year(s) full-time,"February, July",https://adelaideuni.edu.au/study/degrees/bachelor-of-pharmacy-honours/dom/
"Bachelor of Philosophy, Politics and Economics",70.0,,,On Campus,Adelaide City,Full time or part time,3 year(s) full-time,"February, July",https://adelaideuni.edu.au/study/degrees/bachelor-of-philosophy-politics-and-economics/dom/
Bachelor of Physiotherapy (Honours),,,SACE Stage 2 Biology and Physics (or equivalent),On Campus,"Adelaide City, Whyalla",Full time or part time,4 year(s) full-time,February,https://adelaideuni.edu.au/study/degrees/bachelor-of-physiotherapy-honours/dom/
Bachelor of Podiatry (Honours),90.0,,SACE Stage 2 Biology or equivalent,On Campus,Adelaide City,Full time or part time,4 year(s) full-time,February,https://adelaideuni.edu.au/study/degrees/bachelor-of-podiatry-honours/dom/
Bachelor of Psychological Sciences and Sociology,,,,100% Online,,Full time or part time,3 year(s) full-time,"January, April, June, September",https://adelaideuni.edu.au/study/degrees/online/bachelor-of-psychological-sciences-and-sociology/dom/
Bachelor of Psychology,70.0,,,On Campus,"Adelaide City, Magill",Full time or part time,3 year(s) full-time,"February, July",https://adelaideuni.edu.au/study/degrees/bachelor-of-psychology/dom/
Bachelor of Psychology,,,,100% Online,,Full time or part time,3 year(s) full-time,"January, April, June, September",https://adelaideuni.edu.au/study/degrees/online/bachelor-of-psychology/dom/
Bachelor of Psychology (Honours),,,,On Campus,"Adelaide City, Magill",Full time or part time,4 year(s) full-time,February,https://adelaideuni.edu.au/study/degrees/bachelor-of-psychology-honours/dom/
Bachelor of Psychology (Honours) majoring in Cognitive Neuroscience,,,,On Campus,"Adelaide City, Magill",Full time or part time,4 year(s) full-time,February,https://adelaideuni.edu.au/study/degrees/bachelor-of-psychology-honours-cognitive-neuroscience/dom/
Bachelor of Psychology (Honours) majoring in Counselling and Interpersonal Skills,,,,On Campus,"Adelaide City, Magill",Full time or part time,4 year(s) full-time,"February, July",https://adelaideuni.edu.au/study/degrees/bachelor-of-psychology-honours-counselling-and-interpersonal-skills/dom/
Bachelor of Psychology majoring in Cognitive Neuroscience,70.0,,,On Campus,"Adelaide City, Magill",Full time or part time,3 year(s) full-time,"February, July",https://adelaideuni.edu.au/study/degrees/bachelor-of-psychology-cognitive-neuroscience/dom/
Bachelor of Psychology majoring in Counselling and Interpersonal Skills,70.0,,,On Campus,"Adelaide City, Magill",Full time or part time,3 year(s) full-time,"February, July",https://adelaideuni.edu.au/study/degrees/bachelor-of-psychology-counselling-and-interpersonal-skills/dom/
Bachelor of Public Health,70.0,,,On Campus,Adelaide City,Full time or part time,3 year(s) full-time,"February, July",https://adelaideuni.edu.au/study/degrees/bachelor-of-public-health/dom/
Bachelor of Public Health,,,,100% Online,,Full time or part time,3 year(s) full-time,"January, April, June, September",https://adelaideuni.edu.au/study/degrees/online/bachelor-of-public-health/dom/
Bachelor of Science,70.0,,,On Campus,"Adelaide City, Mawson Lakes, Roseworthy, Waite",Full time or part time,3 year(s) full-time,"February, July",https://adelaideuni.edu.au/study/degrees/bachelor-of-science/dom/
Bachelor of Science (Honours),80.0,,,On Campus,"Adelaide City, Mawson Lakes, Roseworthy, Waite",Full time or part time,4 year(s) full-time,"February, July",https://adelaideuni.edu.au/study/degrees/bachelor-of-science-honours/dom/
Bachelor of Science (Veterinary Bioscience),,Any one of SACE Stage 2 Biology or Chemistry or Mathematical Methods (or equivalent),High proficiency in written and spoken English,On Campus,"Adelaide City, Roseworthy",Full-time only (no part time option),3 year(s) full-time only (no part time option),February,https://adelaideuni.edu.au/study/degrees/bachelor-of-science-veterinary-bioscience/dom/
Bachelor of Science majoring in Analytical Chemistry,70.0,,,On Campus,Adelaide City,Full time or part time,3 year(s) full-time,"February, July",https://adelaideuni.edu.au/study/degrees/bachelor-of-science-analytical-chemistry/dom/
Bachelor of Science majoring in Animal Behaviour,70.0,,,On Campus,"Roseworthy, Adelaide City",Full time or part time,3 year(s) full-time,"February, July",https://adelaideuni.edu.au/study/degrees/bachelor-of-science-animal-behaviour/dom/
Bachelor of Science majoring in Animal Science,70.0,,,On Campus,"Roseworthy, Adelaide City",Full time or part time,3 year(s) full-time,February,https://adelaideuni.edu.au/study/degrees/bachelor-of-science-animal-science/dom/
Bachelor of Science majoring in Biochemistry,70.0,,,On Campus,Adelaide City,Full time or part time,3 year(s) full-time,"February, July",https://adelaideuni.edu.au/study/degrees/bachelor-of-science-biochemistry/dom/
Bachelor of Science majoring in Biotechnology,70.0,,,On Campus,Adelaide City,Full time or part time,3 year(s) full-time,"February, July",https://adelaideuni.edu.au/study/degrees/bachelor-of-science-biotechnology/dom/
Bachelor of Science majoring in Chemistry,70.0,,,On Campus,Adelaide City,Full time or part time,3 year(s) full-time,"February, July",https://adelaideuni.edu.au/study/degrees/bachelor-of-science-chemistry/dom/
Bachelor of Science majoring in Computational Physics,70.0,,,On Campus,Adelaide City,Full time or part time,3 year(s) full-time,February,https://adelaideuni.edu.au/study/degrees/bachelor-of-science-computational-physics/dom/
Bachelor of Science majoring in Ecology,70.0,,,On Campus,"Adelaide City, Waite",Full time or part time,3 year(s) full-time,"February, July",https://adelaideuni.edu.au/study/degrees/bachelor-of-science-ecology/dom/
Bachelor of Science majoring in Environmental Science,70.0,,,On Campus,"Adelaide City, Mawson Lakes, Waite",Full time or part time,3 year(s) full-time,"February, July",https://adelaideuni.edu.au/study/degrees/bachelor-of-science-environmental-science/dom/
Bachelor of Science majoring in Environmental and Geospatial Science,70.0,,,On Campus,"Adelaide City, Mawson Lakes, Waite",Full time or part time,3 year(s) full-time,"February, July",https://adelaideuni.edu.au/study/degrees/bachelor-of-science-environmental-and-geospatial-science/dom/
Bachelor of Science majoring in Evolutionary Biology,70.0,,,On Campus,Adelaide City,Full time or part time,3 year(s) full-time,"February, July",https://adelaideuni.edu.au/study/degrees/bachelor-of-science-evolutionary-biology/dom/
Bachelor of Science majoring in Evolutionary Biology and Palaeontology,70.0,,,On Campus,Adelaide City,Full time or part time,3 year(s) full-time,"February, July",https://adelaideuni.edu.au/study/degrees/bachelor-of-science-evolutionary-biology-and-palaeontology/dom/
Bachelor of Science majoring in Experimental Physics,70.0,,,On Campus,Adelaide City,Full time or part time,3 year(s) full-time,"February, July",https://adelaideuni.edu.au/study/degrees/bachelor-of-science-experimental-physics/dom/
Bachelor of Science majoring in Food Science and Technology,70.0,,,On Campus,"Waite, Adelaide City",Full time or part time,3 year(s) full-time,"February, July",https://adelaideuni.edu.au/study/degrees/bachelor-of-science-food-science-and-technology/dom/
Bachelor of Science majoring in Genetics,70.0,,,On Campus,Adelaide City,Full time or part time,3 year(s) full-time,"February, July",https://adelaideuni.edu.au/study/degrees/bachelor-of-science-genetics/dom/
Bachelor of Science majoring in Geology,70.0,,,On Campus,Adelaide City,Full time or part time,3 year(s) full-time,"February, July",https://adelaideuni.edu.au/study/degrees/bachelor-of-science-geology/dom/
Bachelor of Science majoring in Geology and Earth Resources,70.0,,,On Campus,Adelaide City,Full time or part time,3 year(s) full-time,"February, July",https://adelaideuni.edu.au/study/degrees/bachelor-of-science-geology-and-earth-resources/dom/
Bachelor of Science majoring in Geology and Palaeontology,70.0,,,On Campus,Adelaide City,Full time or part time,3 year(s) full-time,"February, July",https://adelaideuni.edu.au/study/degrees/bachelor-of-science-geology-and-palaeontology/dom/
Bachelor of Science majoring in Geophysics,70.0,,,On Campus,Adelaide City,Full time or part time,3 year(s) full-time,"February, July",https://adelaideuni.edu.au/study/degrees/bachelor-of-science-geophysics/dom/
Bachelor of Science majoring in Marine and Wildlife Conservation,70.0,,,On Campus,Adelaide City,Full time or part time,3 year(s) full-time,"February, July",https://adelaideuni.edu.au/study/degrees/bachelor-of-science-marine-and-wildlife-conservation/dom/
Bachelor of Science majoring in Medicinal and Biological Chemistry,70.0,,,On Campus,Adelaide City,Full time or part time,3 year(s) full-time,"February, July",https://adelaideuni.edu.au/study/degrees/bachelor-of-science-medicinal-and-biological-chemistry/dom/
Bachelor of Science majoring in Microbiology and Immunology,70.0,,,On Campus,Adelaide City,Full time or part time,3 year(s) full-time,"February, July",https://adelaideuni.edu.au/study/degrees/bachelor-of-science-microbiology-and-immunology/dom/
Bachelor of Science majoring in Nuclear Chemistry,70.0,,,On Campus,Adelaide City,Full time or part time,3 year(s) full-time,"February, July",https://adelaideuni.edu.au/study/degrees/bachelor-of-science-nuclear-chemistry/dom/
Bachelor of Science majoring in Nuclear and Radiation Physics,70.0,,,On Campus,Adelaide City,Full time or part time,3 year(s) full-time,"February, July",https://adelaideuni.edu.au/study/degrees/bachelor-of-science-nuclear-and-radiation-physics/dom/
Bachelor of Science majoring in Physics and Geophysics,70.0,,,On Campus,Adelaide City,Full time or part time,3 year(s) full-time,"February, July",https://adelaideuni.edu.au/study/degrees/bachelor-of-science-physics-and-geophysics/dom/
Bachelor of Science majoring in Plant Biology,70.0,,,On Campus,"Waite, Adelaide City",Full time or part time,3 year(s) full-time,"February, July",https://adelaideuni.edu.au/study/degrees/bachelor-of-science-plant-biology/dom/
Bachelor of Science majoring in Pure and Applied Chemistry,70.0,,,On Campus,Adelaide City,Full time or part time,3 year(s) full-time,"February, July",https://adelaideuni.edu.au/study/degrees/bachelor-of-science-pure-and-applied-chemistry/dom/
Bachelor of Science majoring in Soil Science,70.0,,,On Campus,"Waite, Adelaide City",Full time or part time,3 year(s) full-time,"February, July",https://adelaideuni.edu.au/study/degrees/bachelor-of-science-soil-science/dom/
Bachelor of Science majoring in Space Science and Astrophysics,70.0,,,On Campus,Adelaide City,Full time or part time,3 year(s) full-time,"February, July",https://adelaideuni.edu.au/study/degrees/bachelor-of-science-space-science-and-astrophysics/dom/
Bachelor of Science majoring in Theoretical Physics,70.0,,,On Campus,Adelaide City,Full time or part time,3 year(s) full-time,"February, July",https://adelaideuni.edu.au/study/degrees/bachelor-of-science-theoretical-physics/dom/
Bachelor of Social Science majoring in Ageing and Disability,70.0,,,On Campus,"Magill, Mount Gambier, Whyalla",Full time or part time,3 year(s) full-time,"February, July",https://adelaideuni.edu.au/study/degrees/bachelor-of-social-science-ageing-and-disability/dom/
Bachelor of Social Science majoring in Human Services,70.0,,,On Campus,"Magill, Mount Gambier, Whyalla",Full time or part time,3 year(s) full-time,"February, July",https://adelaideuni.edu.au/study/degrees/bachelor-of-social-science-human-services/dom/
Bachelor of Social Work,70.0,,,On Campus,"Magill, Mount Gambier, Whyalla",Full time or part time,4 year(s) full-time,"February, July",https://adelaideuni.edu.au/study/degrees/bachelor-of-social-work/dom/
Bachelor of Social Work (Honours),80.0,,,On Campus,"Magill, Adelaide City",Full time or part time,4 year(s) full-time,"February, July",https://adelaideuni.edu.au/study/degrees/bachelor-of-social-work-honours/dom/
Bachelor of Software Engineering (Honours),80.0,,,On Campus,"Adelaide City, Mawson Lakes",Full time or part time,4 year(s) full-time,"February, July",https://adelaideuni.edu.au/study/degrees/bachelor-of-software-engineering-honours/dom/
Bachelor of Software Engineering (Honours) (Apprenticeship),,,,On Campus,"Adelaide City, Mawson Lakes",Full time or part time,4 year(s) full-time,"February, July",https://adelaideuni.edu.au/study/degrees/bachelor-of-software-engineering-honours-apprenticeship/dom/
Bachelor of Speech Pathology (Honours),,,,On Campus,Adelaide City,Full time or part time,4 year(s) full-time,February,https://adelaideuni.edu.au/study/degrees/bachelor-of-speech-pathology-honours/dom/
Bachelor of Sustainability and Climate Change,80.0,,,On Campus,"Adelaide City, Magill",Full time or part time,3 year(s) full-time,"February, July",https://adelaideuni.edu.au/study/degrees/bachelor-of-sustainability-and-climate-change/dom/
Bachelor of Sustainability and Climate Change majoring in Aboriginal Studies,,,,On Campus,"Adelaide City, Magill",Full time or part time,3 year(s) full-time,"February, July",https://adelaideuni.edu.au/study/degrees/bachelor-of-sustainability-and-climate-change-aboriginal-studies/dom/
Bachelor of Sustainability and Climate Change majoring in Anthropology,80.0,,,On Campus,"Adelaide City, Magill",Full time or part time,3 year(s) full-time,"February, July",https://adelaideuni.edu.au/study/degrees/bachelor-of-sustainability-and-climate-change-anthropology/dom/
Bachelor of Sustainability and Climate Change majoring in Environmental Management,80.0,,,On Campus,"Adelaide City, Magill",Full time or part time,3 year(s) full-time,"February, July",https://adelaideuni.edu.au/study/degrees/bachelor-of-sustainability-and-climate-change-environmental-management/dom/
Bachelor of Sustainability and Climate Change majoring in Geography,80.0,,,On Campus,"Adelaide City, Magill",Full time or part time,3 year(s) full-time,"February, July",https://adelaideuni.edu.au/study/degrees/bachelor-of-sustainability-and-climate-change-geography/dom/
Bachelor of Sustainability and Climate Change majoring in International Development,80.0,,,On Campus,"Adelaide City, Magill",Full time or part time,3 year(s) full-time,"February, July",https://adelaideuni.edu.au/study/degrees/bachelor-of-sustainability-and-climate-change-international-development/dom/
Bachelor of Sustainability and Climate Change majoring in International Security,80.0,,,On Campus,"Adelaide City, Magill",Full time or part time,3 year(s) full-time,"February, July",https://adelaideuni.edu.au/study/degrees/bachelor-of-sustainability-and-climate-change-international-security/dom/
Bachelor of Sustainability and Climate Change majoring in Politics,80.0,,,On Campus,"Adelaide City, Magill",Full time or part time,3 year(s) full-time,"February, July",https://adelaideuni.edu.au/study/degrees/bachelor-of-sustainability-and-climate-change-politics/dom/
Bachelor of Sustainability and Climate Change majoring in Population and Migration Studies,80.0,,,On Campus,"Adelaide City, Magill",Full time or part time,3 year(s) full-time,"February, July",https://adelaideuni.edu.au/study/degrees/bachelor-of-sustainability-and-climate-change-population-and-migration-studies/dom/
Bachelor of Sustainability and Climate Change majoring in Sociology,80.0,,,On Campus,"Adelaide City, Magill",Full time or part time,3 year(s) full-time,"February, July",https://adelaideuni.edu.au/study/degrees/bachelor-of-sustainability-and-climate-change-sociology/dom/
Bachelor of Teaching (Early Childhood Education),80.0,,,On Campus,"Magill, Mount Gambier, Whyalla",Full time or part time,3 year(s) full-time,"February, July",https://adelaideuni.edu.au/study/degrees/bachelor-of-teaching-early-childhood-education/dom/
Bachelor of Teaching (Primary) (Honours),80.0,,,On Campus,"Magill, Mount Gambier, Whyalla",Full time or part time,4 year(s) full-time,"February, July",https://adelaideuni.edu.au/study/degrees/bachelor-of-teaching-primary-honours/dom/
Bachelor of Teaching (Secondary) (Honours),80.0,,,On Campus,"Magill, Mount Gambier, Whyalla",Full time or part time,4 year(s) full-time,"February, July",https://adelaideuni.edu.au/study/degrees/bachelor-of-teaching-secondary-honours/dom/
Bachelor of Veterinary Technology,80.0,,SACE Stage 2 Mathematical Methods (or equivalent),On Campus,Roseworthy,Full time or part time,3 year(s) full-time,February,https://adelaideuni.edu.au/study/degrees/bachelor-of-veterinary-technology/dom/
Bachelor of Visual Effects,70.0,,,On Campus,"Magill, Adelaide City",Full time or part time,3 year(s) full-time,"February, July",https://adelaideuni.edu.au/study/degrees/bachelor-of-visual-effects/dom/
Bachelor of Viticulture and Oenology,70.0,,SACE Stage 2 Chemistry and Mathematical Methods IB (or equivalent),On Campus,"Waite, Adelaide City",Full time or part time,4 year(s) full-time,"February, July",https://adelaideuni.edu.au/study/degrees/bachelor-of-viticulture-and-oenology/dom/
